{
  "rho_min": 0.08489913400861095,
  "rho_max": 0.3806056187149941,
  "lambda": 0.28501008083992035,
  "segment_length": 416,
  "sigma1": 44,
  "sigma2": 18,
  "sigma3": 8,
  "cooling": 0.9972415531409564,
  "start_temp_ctrl": 0.06285623456382591,
  "regret_k": 2,
  "d_wr": 4.7940368356488365,
  "max_iterations": 25000
}