{
  "rho_min": 0.05573857960298941,
  "rho_max": 0.3789713764963234,
  "lambda": 0.17938668472310212,
  "segment_length": 452,
  "sigma1": 30,
  "sigma2": 18,
  "sigma3": 20,
  "cooling": 0.9999113368880899,
  "start_temp_ctrl": 0.03197269896557279,
  "regret_k": 4,
  "d_wr": 1.9503938725114802,
  "q_cap": 6,
  "max_iterations": 25000
}
